model_name,n_params,final_val_loss,steps_per_epoch,total_train_tokens,wall_clock_seconds,gpu_mem_peak_mb,fit_a,fit_alpha,fit_c
tiny,428960,1.0254,7177,117587968,76.7,472.35,3.5425918619481913,0.12939698492462312,0.3652145728643217
small,3265472,0.8816,7177,117587968,108.1,819.06,3.5425918619481913,0.12939698492462312,0.3652145728643217
medium,10752432,0.7956,7177,117587968,146.4,1491.44,3.5425918619481913,0.12939698492462312,0.3652145728643217
large,25297920,0.7508,7177,117587968,235.5,2455.39,3.5425918619481913,0.12939698492462312,0.3652145728643217
xl,85453152,0.7022,7177,117587968,561.2,5346.2,3.5425918619481913,0.12939698492462312,0.3652145728643217
