model_name,mode,n_params,steps_per_epoch,total_train_tokens,final_val_loss,wall_clock_seconds,gpu_mem_start_mb,gpu_mem_end_mb,gpu_mem_peak_mb
rnn_tiny,train,145536,7177,117587968,1.110346,22.487,0.555,72.909,345.344
rnn_tiny,train,428960,7177,117587968,1.025445,76.719,1.637,83.539,472.353
rnn_small,train,3265472,7177,117587968,0.881553,108.148,12.458,126.706,819.055
rnn_medium,train,10752432,7177,117587968,0.795609,146.443,41.018,241.149,1491.444
rnn_large,train,25297920,7177,117587968,0.750773,235.53,96.504,462.891,2455.392
rnn_xl,train,85453152,7177,117587968,0.702248,561.192,326.654,1381.465,5346.2
