model_name,n_params,final_val_loss,steps_per_epoch,total_train_tokens,wall_clock_seconds,gpu_mem_peak_mb,fit_a,fit_alpha,fit_c
tiny,442752,1.0237,7177,117587968,39.9,693.18,160.6349214081577,0.4428140703517588,0.5157900000000001
small,3251456,0.7293,7177,117587968,139.2,2447.25,160.6349214081577,0.4428140703517588,0.5157900000000001
medium,10785408,0.634,7177,117587968,318.7,4067.59,160.6349214081577,0.4428140703517588,0.5157900000000001
large,25403904,0.5936,7177,117587968,616.9,7157.12,160.6349214081577,0.4428140703517588,0.5157900000000001
xl,85331712,0.5731,7177,117587968,1793.4,16261.19,160.6349214081577,0.4428140703517588,0.5157900000000001
